SKU,Description,Unit,Week 1 Qty,Week 2 Qty,Week 3 Qty,Week 4 Qty,Total Qty
0153C,Saver Paper Plates 25's x 20,packs,0,0,0,200,200
0166P,"Wooden Coffee Stirrer 4.75"" 1000",packs,0,0,0,600,600
0186P,"Paper Cups White 6.5oz 1,000pcs/case",case,0,110,0,0,110
0192P,"Paper Cups White 8oz 1,000pcs/case",case,0,3488,0,0,3488
0200P,Siete Baracos Coffee All Purpose Grind 454g x1,pcs,60,0,0,0,60
0201P,Siete Baracos Coffee Blackgold 454g x 30,case,529,0,0,0,529
0458P,Good Morning Towel,pcs,60,0,0,0,60
04874P,Indoplas Facemask 3ply x50,pcs,0,0,0,150,150
0502C,Coke Lite can 330mL x 24,CASE,0,0,20,0,20
0531C,Coke Zero can 330mL x 24,CASE,0,0,15,0,15
0558C,Joy Dishwash Liquid Lemon 250mL x 20,Case,0,2,0,0,2
0589C,Joy Dishwashing Liquid Lemon Refill 200mL x 40,Case,0,1,0,0,1
0596C,All Purpose Detergent Powder 1 Kilo by 30 NO LABEL,case,0,0,3,0,3
0599C,Tide Detergent Powder Original Scent 950g x 12,case,0,0,10,0,10
0644P,Nestle Coffeemate 450g x1,pcs,0,0,0,720,720
08102C,Garbage Bag Black 18' x 18' x .001 Small x 100,case,80,0,0,0,80
08102P,Garbage Bag Black 18' x 18' x .001 Small x 100,case,100,0,0,0,100
08103P,Garbage Bag Medium Black 22' x 24' x .001 100 pcs/case,case,933,0,0,0,933
08104P,Garbage Bag Large Black 26' x 32' x .001 100 pcs/case,case,1300,0,0,0,1300
08105P,Garbage Bag XXL Black 37' x 40' x .001 100 pcs/case,case,550,0,0,0,550
08107P,"Garbage Bag Medium Clear 22"" x 24"" x .001 x100",case,200,0,0,0,200
08108P,"Garbage Bag Large Clear 26"" x 32"" x .001 x100",case,50,0,0,0,50
08111C,Garbage Bag Black 30' x 37' x 001 XL x 100,case,600,0,0,0,600
08111P,Garbage Bag Black 30' x 37' x 001 XL x 100,case,700,0,0,0,700
08112C,"Garbage Bag XXL Yellow 37"" x 40"" x .001 100 pcs per case",cases,10,0,0,0,10
08119P,"Garbage Bag Medium Yellow 22"" x 24"" x .001 x1",case,10,0,0,0,10
08120C,"Garbage Bag Large Yellow 26"" x 32"" x .001 100's",case,0,30,0,0,30
08121P,"Garbage Bag Medium Green 22"" x 24"" x .001 x1",case,10,0,0,0,10
08160P,"Garbage Bag Green XL 30"" x 37"" .001 x1",case,10,0,0,0,10
08503C,Hermano Refined Sugar 1kg x 50,case,20,0,0,0,20
08504P,Hermano Washed Sugar 1kg x 50,Case,0,0,4,0,4
10005C,Axion Dishwashing Liquid Lemon 250mL x 20,case,0,2,0,0,2
10006C,Axion Dishwashing Paste Lemon 190g x 48,case,0,5,0,0,5
10301C,Hand Sanitizer70% Ethyl Alcohol Cool Water Scent Colorless 4gallons/case,case,0,22,0,0,22
1034P,Ambi Pur Air Freshener LV & C 275g x 6,pcs,210,0,0,90,300
1053C,Downy Fabric Conditioner Antibac 4L(1gallon) x 3,CASE,0,0,0,7,7
1385P,Albatross Lemon with handle 50g x1,pcs,0,0,0,365,365
1405P,Starbucks Whole bean House Blend 250g x1,pcs,0,0,0,150,150
1504C,Biogenic Isopropyl 500ml 70% w/moisturiser x 36,case,0,7,0,0,7
1551C,Albatross Sampaguita Refill 50g x 12,case,0,15,0,0,15
1552C,Albatross Lemon Refill 50g x 12,case,0,0,30,0,30
1552P,Albatross Lemon Refill 50g x1,pcs,0,0,0,1319,1319
1559C,Albatross Strawberry Refill 50g x 12,case,0,9,0,0,9
1559P,Albatross Strawberry Refill 50g x1,pcs,0,0,0,265,265
1575C,Albatross Lemon Refill 100g x 12,case,0,0,5,0,5
1575P,Albatross Lemon Refill 100g x1,pcs,0,0,0,255,255
1576P,Albatross Sampaguita Refill 100g x1,pcs,0,0,0,92,92
1643P,Pranela Blue (piece),pc,135,0,0,0,135
1644P,Broom Stick,pcs,0,0,0,82,82
1649C,"US Pure Carbon Cartridge Filter 10"" (Cocobased) x 20",case,0,0,7,0,7
2012P,All Purpose Liquid Cleaner - Yellow 4 gallons/case,case,0,0,43,0,43
2013C,Liquid Hand Soap - Strawberry 4 x 1 gallons per case,case,0,0,2,0,2
2014P,Liquid Hand Soap with moisturizer - Strawberry 4 gallons per case,case,0,0,80,0,80
2016C,Liquid Hand Soap - Peppermint 4 gallons per case,case,0,5,0,0,5
2016P,Liquid Hand Soap Peppermint Gallon x1,pcs,0,0,0,400,400
2021C,Liquid Hand Soap with moisturizer Baby Blossom 4gallons/case,case,0,35,0,0,35
2022P,Liquid Hand Soap Lemon Gallon x1,case,0,0,0,160,160
2023C,All Purpose Detergent Powder 30 kilo per sack,case,0,0,10,0,10
2025P,Cosab Bleach Gallon x1,case,0,0,0,20,20
2034P,All Purpose Liquid Cleaner - Yellow 4 gallons/case,case,0,0,6,0,6
2040P,All Purpose Detergent Powder 30 kilo per sack No Label,case,53,0,0,0,53
2040P,Unbranded All Purpose Detergent Powder 1kg x1,pcs,0,0,0,450,450
2042P,All Purpose Liquid Cleaner Lime 4 gallons per case,pcs,0,0,0,2075,2075
2043P,Liquid Hand Soap Lavender Scent Gallon x4,case,0,0,0,100,100
2053P,Pingcon Rubbing Alcohol Isopropyl 70% Alcohol with Moisturizer Gallon (3.78Liters) x4,case,0,0,0,100,100
2069P,Rubbing Alcohol 70% Ethyl Apple Blast Scent Gallon x1,pcs,0,0,0,33374,33374
2100C,Green Cross 70% Alcohol 500mL x 36,case,6,0,0,0,6
2101P,Zonrox Bleach Original 1L x 24,case,0,0,0,3,3
2102P,Zonrox Bleach Original Scent 3.75L (1 Gallon) 6 gallons/case,pcs,0,0,1740,0,1740
2103C,Green Cross 40% alcohol w/o moisturizer x 36 500ml,CASE,0,3,0,0,3
2106C,Green Cross Alcohol 70% w/ Moisturizer 500mL x 24,case,13,0,0,0,13
2114P,Zonrox Bleach Original 500mL x 36,case,6,0,0,0,6
2129P,Zonrox Multi Clean Floral Blast Scent 900ml x1,pcs,0,0,0,96,96
AP001P,US Pure Filter Cartridge (Half Sediment/Half Carbon) 10 inches x 24,pcs,307,0,0,0,307
AP002P,"Pureprime Sediment Filter SF Series 10"" 1 micron x 1",pcs,0,441,0,0,441
FE001P,Soft Broom manipis,pc,0,0,2,0,2
FE002P,Dust Pan Black (Big),pcs,0,0,0,57,57
FE004P,Mop Head Rayon,pc,0,25,0,0,25
FE015P,Rubber Gloves/pair,pairs,0,0,85,0,85
FE017P,Muriatic Acid 1gallon,pc,0,0,0,75,75
FE018P,Toilet Bowl Cleaner 1gallon,pc,0,0,190,0,190
FE020P,Toilet Pump small,pcs,0,0,0,9,9
FE021P,Spray Gun 500ml NOTE: Spray Gun Head - Blue,pc,0,500,0,0,500
FE022P,Carpet Shampoo per Gallon x1,pc,0,35,0,0,35
FE024P,Glass Cleaner 1gallon,pc,0,0,45,0,45
FE025P,Steelwool Penguin x 16,pc,0,30,0,0,30
FE027P,Mop Head 450g,pc,0,0,45,0,45
FE030P,Cotton Duster,pcs,0,23,0,0,23
FE035P,Spatula #3 (Putty Knife),pcs,0,0,16,0,16
FE038P,Round Rugs Colored 36's,pc,0,0,0,71,71
FE039P,Soft Broom Makapal,pcs,0,0,0,65,65
FE041P,Pranela per yard,PC,65,0,0,0,65
FE043P,Feather Duster,pcs,0,0,0,3,3
FE044P,Trash Bin (Ordinary),pc,0,5,0,0,5
FE046P,Knitted Gloves,pcs,0,0,0,67,67
FE049P,Pail (4gallons capacity),pcs,0,0,0,6,6
FE051P,Toilet Brush w/plastic handle,pc,0,8,0,0,8
FE052P,Liquid Declogger Gallon x4,pcs,10,0,0,0,10
FE059P,Disposable Plastic Gloves 100's,pc,0,21,0,0,21
FE088P,Degreaser 1gallon,pc,0,0,22,0,22
FE090P,Wax stripper 1gallon,pc,0,0,0,10,10
FE099P,"Window Squeegee 12""",pcs,0,40,0,0,40
FE107P,Complete Wax Generic gallon x1,pcs,0,0,20,0,20
FE135P,Chamois with case x 1,pc,0,0,0,3,3
FE136P,Wipe Out Dirt and Stain Remover 250g x 1,pcs,0,0,0,240,240
FE141P,Oblong doormats,pc,0,23,0,0,23
FE145P,Air Freshener Strawberry Scent Gallon x1,pcs,0,16,0,0,16
FE155P,Toilet pump big,pc,0,8,0,0,8
FE157P,Plastic Coffee Stirrer 1000's,pc,0,0,0,11,11
FE159P,Styro Cups Coffee Express 8oz x25,pcs,0,0,0,22.5,22.5
FE160P,Dust Mop Head x 1,pc,0,3,0,0,3
FE166P,Pranela Blue with edging,pcs,0,48,0,0,48
FE174P,Spork 25's x 100,case,1,0,0,0,1
FE177P,Air Freshener Lemon Scent Gallon x1,pcs,0,10,0,0,10
FE193P,Rubber Gloves/pair MAKAPAL,pcs,0,0,98,0,98
FE200P,BNW Spoon 25's x 100 pack,packs,0,0,0,56,56
FE201P,BNW Fork 25's x 100 pack,pcs,0,0,0,56,56
FE208P,Pranela Yellow small x 1,pcs,0,8,0,0,8
FE211P,Car Shampoo Gallon x1,pc,0,15,0,0,15
FE215P,Round rugs White 36's,pcs,200,0,0,0,200
FE291P,Diamond Sealer Finish Wax Gallon x1,pcs,0,20,0,0,20
GR101P,3M Scotch Brite Scrub Sponge with foam 100mm x 75mm x 30mm x1,pc,0,0,0,2880,2880
GR102P,3M Scotch Brite Scrubing Pad 4.5 in x 6 in x1,pcs,0,0,0,960,960
GR103P,"3M Polishing Pad 16"" White x1",pcs,0,0,0,25,25
GR133P,3M Floor Stripper 3.8L x1,pcs,0,0,0,2,2
MH05P,Glade Scented GEL Lemon 200mL x 24(change packaging to 180ml)Twin pack,pcs,0,0,120,0,120
MH07P,Glade Air Freshener 320mL Lemon x 12,pcs,0,192,0,0,192
MH28C,Baygon Protector Multi-Insect Killer Citrus Scent 500mL x 12,case,0,0,30,0,30
P0082P,Mr. Muscle Stick on Toilet Bowl Cleaning Strip Citrus Scent 10g x3,pcs,0,0,0,120,120
P0306P,Lysol Disinfectant Spray Scent 538g,pcs,100,0,0,0,100
P0308P,Lysol Disinfectant Spray Scent 538g,pcs,320,0,0,0,320
P0308P,Lysol Spray C. Linen 538g x 1,pcs,0,0,552,0,552
P0368C,Absolute Water 350mL x 35,case,0,0,441,0,441
P0670C,Downy Sunrise Big size 4L x 3,case,4,0,0,0,4
P0688P,Zim Cleaner Fresh Scent 350g canister x 1,packs,6,0,0,0,6
P2147P,Downy Sunrise Fresh Pouch 660mL x1,pcs,0,0,0,112,112
P2148P,Downy Garden Bloom Pouch 660mL x1,pcs,0,0,0,56,56
P2148P,Downy Garden Bloom Pouch 750mL x1,pcs,0,0,0,160,160
P2380P,Aromatic Solution Fresh Bamboo 500mL x1,pcs,0,0,0,15,15
SF0101C,"Garbage Bag Black 37"" x 40"" x .001 XXL x 100",case,0,150,0,0,150
SF0101P,"Garbage Bag Black 37"" x 40"" x .001 XXL x 100",case,0,500,0,0,500
SF0104P,"Garbage Bag XL Black PE 30"" x 37"" .001 100's",case,0,0,900,0,900
SF0104P,Garbage Bag XXL Black 37' x 40' x .001 100 pcs/case,case,50,0,0,0,50
SF0105C,"Garbage Bag XXL Clear 37"" x 40"" x .001 100's",case,0,500,50,0,550
SF0105P,"Garbage Bag XXL Clear 37"" x 40"" x .001 100's",case,0,50,0,0,50
SF0106P,"Garbage Bag Large Black 26"" x 32"" x .001 100 pcs",case,0,0,0,950,950
SF0107C,Garbage Bag Small Clear 100 pcs per bag,case,0,0,100,0,100
SF0107P,Garbage Bag Small Clear 100 pcs per bag,case,0,170,0,0,170
SF0108P,"Garbage Bag Medium Clear 22"" x 24"" x .001 100 pcs per case",case,0,180,50,0,230
SF0109C,"Garbage Bag Small Black 18"" x 18"" x .001 100pcs/case",case,0,350,0,0,350
SF0109P,"Garbage Bag Small Black 18"" x 18"" x .001 100pcs/case",case,0,170,0,0,170
SF0111C,"Garbage Bag Large Clear 26"" x 32"" x .001 100 pcs per bag",case,0,0,0,50,50
SF0111P,"Garbage Bag Large Clear 26"" x 32"" x .001 100 pcs per bag",case,0,100,0,0,100
SF0112C,"Garbage Bag XL Clear 30"" x 37"" x .0010 100 pcs per case",case,0,340,0,0,340
SF0113P,"Garbage Bag Medium Black 22"" x 24"" x .001 100 pcs per bag",case,0,400,0,0,400
SS0012C,Surf Powder Kalamansi 1.1kg x 12,case,24,0,0,0,24
SS0064C,Axion Paste Lemon 350g x 24 (with canister),case,0,0,0,20,20
SS0077C,Axion Dishwashing Paste Lemon Refill 350g x 36,case,0,30,0,0,30
SS0209C,Albatross Strawberry Refill 100g x 12,case,3,0,0,0,3
SS0215C,Albatross Sampaguita Refill 100g x 12,case,0,24,0,0,24
SS0264C,C2 Green Tea Apple Solo 230ml x 24,case,30,0,0,0,30
SS0896C,Downy Passion bottle 900ml x 12,case,10,0,0,0,10
SS0896P,Downy Passion Bottle 800mL x1,case,5,0,0,0,5
SS0970C,Albatross Jasmin Refill 100g x 12,Case,21,0,0,0,21
SS1318P,Joy Dishwashing Liquid Lemon Bottle 475mL x1,pcs,0,0,0,109,109
VA001C,Glad Cling Wrap 30m x 30cm x 24,case,0,5,0,0,5
Y0320P,Interfolded Paper Towel Dispenser White Small x1,pcs,0,4,0,0,4
Z1014P,Lysol D. Spray C. Linen Scent 340g x 12,case,0,0,0,13,13
Z1015P,Lysol Disinfectant Spray Crisp Linen 510g x1,pcs,1080,0,0,0,1080
Z1018P,Lysol D. Spray Early Morning Breeze 510g x1,pcs,240,0,0,0,240
Z1024P,Lysol Disinfectant Spray Fresh blossom 510g x1,pcs,360,0,0,0,360
,Air Freshener Strawberry,pcs,0,10,0,0,10
,Ambi Pur Air Freshener LV & C 275g x 6,pcs,360,0,0,0,360
,Glade Air Freshener 320mL x 12 wild lavander,pcs,0,192,0,0,192
,Glade Scented GEL Lemon 200mL x 24(change packaging to 180ml)Twin pack,case,0,0,5,0,5
,Joy Dishwashing Liquid Lemon (bottle)780mL x 16,pcs,80,0,0,0,80
,Lysol D. Spray Early Citrus Maeadows 510g x1,pcs,96,0,0,0,96
,Lysol D. Spray Morning Breeze Scent 340g x 12,case,0,0,0,3,3
,Tide Powder 625g,pcs,0,120,0,0,120
